Автор;Имя статьи;Тема;Аннотация;Ссылка на статью
alexbraun;...  c React и Angular;Блог компании Европлан Разработка веб-сайтов *C# *Angular *ReactJS *;Наша компания разрабатывает десятки продуктов. Ряд продуктов работает на Angular, ряд на React. Пользователи систем в зависимости от этапа бизнес-процесса и роли взаимодействует с определенным продуктом. Часто, в рамках бизнеса мы должны показывать одни и те же данные в разных продуктах. Эти данные отображаются в виде UI компонентов.В этой статье мы узнаем как можно организовать библиотеки компонентов для решения задач бизнеса. Научимся переиспользовать и запускать React библиотеку внутри Angular. Таким способом мы сможем решать задачи бизнеса гибко и эффективно.;/ru/company/europlan/blog/563464/
splincodewd;Удивительный Angular;JavaScript *Angular *TypeScript *;"От переводчиков
Всем привет, с вами Максим Иванов и Дмитрий Сергиенков, и сегодня мы поговорим о новостях в мире Angular. Мы подготовили для вас наиболее интересные материалы и отобрали список вопросов, который вам должен понравиться. Отметим только, что если вы будете ждать от этой статьи ответа на вопрос ""Чем Angular лучше других технологий?"", то придется вас огорчить, у нас не будет ответа на него. Почему? Как правило, все мнения вида ""Технология X лучше технологии Y"" почти всегда не более, чем отражение точки зрения высказывающегося. Однако для тех, кто только начинает изучать этот фреймворк, мы постараемся объяснить, что дает вам эта технология и какую пользу она приносит. Также не проходите мимо и ответьте на опрос, самые популярные ответы будут отправлены Игорю Минару (ведущий разработчик команды Angular). Ну что же, приступим.";/ru/post/348818/
splincodewd;Просто Angular;JavaScript *Angular *;"Введение
8-9-го декабря 2016 года была проведена первая конференция по Angular в Бельгии. Игор Минар (ведущий разработчик Angular) выступил в качестве основного докладчика с несколькими интересными объявлениями относительно того, по какому графику будет выпускаться Angular. И представьте себе, в марте 2017 года нас ждет релиз Angular 4. При этом, на данный момент уже опубликована бета-версия.
От переводчиков
Всем привет, с вами Максим Иванов и Дмитрий Сергиенков, и сегодня мы выясним куда делась третья версия, и почему мы по-прежнему можем быть верны Angular. Сейчас начинающему фронтенд-разработчику, изучающему JavaScript, довольно трудно определиться: какой же фреймворк или библиотеку им взять и изучить, оставаясь в тренде? Конечно, без слова React, сейчас не обходится ни один разговор на тему фронтенда, однако, в свое время я начал с первой версии Angular, начитался много руководств по написанию фронтенда на ES6 (с классами и прочим добром) и до сих пор не жалею. Да, вы можете писать корпоративные приложения с использованием только jQuery, но по мере развития и сложности проекта вы начнете закапывать себя в спагетти-коде, смешивая логику и представление, MV*-фреймворки же этого сделать вам не дадут.";/ru/post/318682/
splincodewd;Angular 5;Angular *TypeScript *;"Введение
1 ноября 2017 года Google анонсировали мажорную версию Angular 5.0.0 под кодовым названием «пятиугольный пончик». Новая версия включает в себя новые функции и исправления ошибок, и в тоже время основной упор был снова сделан на то, чтобы уменьшить размер Angular, сделать его быстрым и простым в использовании. Полное описание всех изменений, включая критические, можно посмотреть в changelog файле официального репозитория Angular. 
От переводчиков
Всем привет, с вами Максим Иванов и Дмитрий Сергиенков, и сегодня мы поговорим о вышедшей новой версии, кратко рассмотрим некоторые из наиболее важных изменений и вспомним историю Angular. Также для тех кто только начинает изучать этот фреймворк, мы рассмотрим примеры того, как быстро разворачивать приложение на Angular. Хотелось бы отметить, что вы можете присоединиться к отечественному сообществу Angular в Telegram, а также посещать Angular Meetup в Москве.";/ru/post/341688/
ru_vds;19 концепций, которые нужно изучить для того, чтобы стать эффективным Angular-разработчиком;Блог компании RUVDS.com Разработка веб-сайтов *JavaScript *Angular *;"TODO-приложение во фронтенд-разработке — это то же самое, что «Hello world» в обычном программировании. При создании TODO-приложений можно изучить выполнение CRUD-операций средствами того или иного фреймворка. Но часто подобные проекты лишь весьма поверхностно касаются того, что на самом деле умеет фреймворк.

Если взглянуть на Angular, то возникает такое ощущение, что этот фреймворк постоянно меняется и обновляется. На самом же деле в том, что касается Angular, можно выделить некоторые идеи, которые остаются неизменными. В материале, перевод которого мы сегодня публикуем, приведён обзор базовых концепций Angular, которые нужно понять для того, чтобы правильно и эффективно пользоваться возможностями этого фреймворка.



Для освоения Angular нужно очень много всего изучить. Многие разработчики застревают на начальных этапах освоения Angular. Происходит это из-за того, что они не знают о том, куда им двигаться, или не знают того, по каким ключевым словам им искать информацию, которая позволит им сделать шаг вперёд. Автор этого материала говорит, что ей, когда она начинала осваивать Angular 2+, хотелось бы, чтобы ей попалось бы руководство по данному фреймворку, похожее на это.";/ru/company/ruvds/blog/455503/
fshchudlo;Сравнение Angular 2 и Aurelia side by side;JavaScript *Angular *;"Не так давно в мире web-разработки произошло важное событие — вышла бета Angular 2. И уже можно строить предположения о том, как он будет выглядеть после релиза.

Но оценка сама по себе, в вакууме, напоминает выбор электроники по рекламным буклетам производителя. Все фишки, которые есть в гаджете, упомянуты. А все, которых нет — не упомянуты и мы можем про их существование даже не задуматься. Поэтому гораздо эффективнее оценивать сравнивая с чем-то еще.

Так и родилась мысль сравнить Angular 2 с новым, но весьма амбициозным проектом Aurelia, который так же недавно вышел в бету. А заодно пополнить копилку Хабра информацией об этом фреймворке, поскольку пока ее гораздо меньше, чем информации об Angular 2.";/ru/post/276649/
MooooM;Как я перестал любить Angular;CSS *JavaScript *HTML *Angular *TypeScript *;"Вступление
Много лет я работал с AngularJS и по сей день использую его в продакшене. Несмотря на то, что идеальным, в силу своей исторически сложившейся архитектуры, его назвать нельзя — никто не станет спорить с тем, что он стал просто вехой в процессе эволюции не только JS фреймворков, но и веба в целом.
На дворе 2017ый год и для каждого нового продукта/проекта встает вопрос выбора фреймворка для разработки. Долгое время я был уверен, что новый Angular 2/4 (далее просто Angular) станет главным трендом enterprise разработки еще на несколько лет вперед и даже не сомневался что буду работать только с ним. 
Сегодня я сам отказываюсь использовать его в своем следующем проекте.
Дисклеймер: данная статья строго субъективна, но таков мой личный взгляд на происходящее и касается разработки enterprise-level приложений.";/ru/post/337578/
sashalisik;React vs Angular: how a library can compete with a framework;JavaScript *Angular *ReactJS *;Google and Facebook are the digital behemoths who always compete. Their solutions for developers Angular and React seem rivals too. Indeema helps compare both. The article was originally posted here;/ru/post/440010/
ru_vds;Готовьтесь: Angular 8 уже близко;Блог компании RUVDS.com Разработка веб-сайтов *JavaScript *Angular *;Автор материала, перевод которого мы публикуем, предлагает поговорить об Angular 8. Здесь будут рассмотрены некоторые особенно горячие темы, поднятые на мероприятиях NgConf и Google I/O 2019. Поэтому, если вы интересуетесь Angular, но по каким-то причинам не видели докладов с этих мероприятий, полагаем, вам любопытно будет узнать о том, чего можно ждать от Angular 8.;/ru/company/ruvds/blog/453584/
alconost;Что нужно знать для эффективной разработки на фреймворке Angular;Блог компании Alconost JavaScript *Разработка мобильных приложений *Angular *TypeScript *;"Считается, что во фронтенд-разработке эквивалентом «Hello world» является приложение — список задач. Да, это позволяет охватить CRUD-аспект создания приложения, однако возможности используемых фреймворка или библиотеки при этом часто затрагиваются весьма поверхностно.

Angular постоянно изменяется и обновляется, но кое-что остается неизменным. Я расскажу об основных концепциях Angular, которые необходимо изучить, если вы хотите использовать этот JavaScript-фреймворк наилучшим образом.

Для работы с Angular нужно многому научиться, и при этом новички часто застревают на начальном уровне лишь потому, что не знают, где и что искать. Поэтому я написала руководство (в которое входит и краткое изложение основ Angular), которое мне самой очень пригодилось бы, когда я только начинала работать с Angular 2+.

Переведено в Alconost";/ru/company/alconost/blog/455906/
ru_vds;Angular: состояние дел в 2019 году;Блог компании RUVDS.com Разработка веб-сайтов *JavaScript *Angular *;"Сейчас лето — то время года, когда во всём мире проводятся различные конференции и другие мероприятия. Программистов в эту пору буквально заваливает новой информацией, которую обычно бывает довольно непросто усвоить.

Вселенная фронтенд-разработки напоминает поезд, который движется без остановок. Все мы знаем о том, как сложно от этого поезда не отстать. Просмотр видеозаписей конференций занимает массу времени, в результате оказывается совершенно понятным причина того, что многие из нас, после офисной работы, предпочитают смотреть фильмы на Netflix.



Автор материала, перевод которого мы публикуем, говорит, что именно поэтому решил помочь всем желающим разобраться в новшествах Angular. Здесь пойдёт речь о современном состоянии Angular, о свежих возможностях этого фреймворка, об актуальных трендах.";/ru/company/ruvds/blog/459298/
gena1977;Почему мы должны выбросить React и взяться за Angular;Angular *ReactJS *TypeScript *;Итак, я уже немного написал о том, почему, как мне кажется, мы должны перестать использовать React. Чтобы подвести итог этой статьи, я перечислю несколько проблем, с которыми я столкнулся в React...;/ru/post/562790/
Lodin;Быстрый старт за 5 минут с Angular 2 beta;Разработка веб-сайтов *JavaScript *Angular *;"Вашему вниманию предлагается перевод туториала «5 min quickstart» от команды Angular. Туториал описывает процесс создания «Hello World»-приложения на новом фреймворке Angular 2, который недавно получил статус «бета».

Давайте начнём с нуля и построим суперпростое приложение Angular2 на TypeScript.

Демо
Запуск работающего примера — это самый лучший способ увидеть, как оживает приложение на Angular 2.
Нажатие этой ссылки открывает новую вкладку, загружает пример в plunker и отображает простое сообщение:
My First Angular 2 App";/ru/post/273545/
Tomio;Angular — это паттерн проектирования;JavaScript *Angular *;"Со стремительным приближением Angular 2.0, параллельно существующим с большим количеством других frontend-фреймворков, в воздухе витает множество волнений по поводу предстоящих затрат (как временных, так и денежных), связанных с переводом своих проектов на новую версию. Как вы думаете, есть ли у разработчиков желание изучить еще один новый фреймворк?

Давайте разбираться. Прошу под кат.";/ru/post/279671/
ilyatrifonov;Краткое руководство: связываем ASP.NET Core Web API + Angular 5;.NET *ASP *Angular *;История о том, как подружить два отдельных проекта ASP.NET Core Web API и Angular 5, и заставить их работать, как одно целое.;/ru/post/349522/
maksim-zakharov;Пишем full stack монолит с помощью Angular Universal + NestJS + PostgreSQL;PostgreSQL *Node.JS *Яндекс API *Angular *TypeScript *;"Привет, Хабр!
В этой статье мы создадим готовый шаблон-монолит, который можно брать за основу нового fullstack приложения как скелет для навешивания функционала.
Эта статья будет полезна, если вы:

Начинающий  fullstack-разработчик;
Стартапер, который пишет MVP чтобы проверить гипотезу.";/ru/post/514380/
real_ales;Angular 2 несёт мир в галактику фронтенда;Блог компании JUG Ru Group Разработка веб-сайтов *JavaScript *Angular *;"React, Redux, Angular, JavaScript, Dart — мир фронтенда находится на грани полномасштабной войны адептов разных технологий. Настало время героев — кто спасёт мир в веб-разработке и станет главным героем новой эпохи? 

Кажется, об этом знает фронтенд-тимлид компании Wrike Евгений Гусев. Нам удалось отвлечь его от работы и задать несколько вопросов, которые так волнуют тех, кто уже успел попробовать Angular 2 или ещё только слышал о нём. Евгений рассказал нам о  преимуществах Angular 2, скорости развития проекта, трудностях и радостях перехода на него. Мы успели обсудить React, JavaScript и Dart, — в общем, сравнить и изменить все силы. Впрочем, хватит тизеров. Магистр, вам слово!



— Расскажите о себе, о том, с чем работаете и как попали в Wrike?

Меня зовут Евгений, и я пишу на Dart и Angular 2. Наверное, странное начало, но надо расставить все точки над «i». Работаю фронтенд-тимлидом в компании Wrike, а начинал с С++ под микроконтроллеры, писал немного на том и на этом, потом дошёл до C#. Когда перешёл в Dell, начал плотнее общаться с фронтендом, причём самым банальным образом: кому-то нужно было писать UI, а никого не было. Причём писать начал сразу на CoffeeScript (да-да!). Годы шли, и я перешёл в компанию, в которой я сейчас и работаю, а именно Wrike. Мы разрабатываем крупную SaaS-платформу для управления задачами и совместной работы. Сейчас у нас почти 30 фронтенд-девелоперов, плюс команда верстальщиков, и мы, как Алиса из небезызвестной сказки, всё растём и растём.

Wrike прошёл довольно большой путь: от совсем небольшого стартапа до двух миллионов строчек кода за 9+ лет разработки. Конечно, за это время у нас сменилась куча фреймворков и технологий. Всё начиналось с Dojo, потом Ext.js. Мы писали на Polymer 0.5, и, когда он стал deprecated (с выходом версии 1.0), перед нами встал вопрос — что же выбрать? Собственно о том, какие у нас были варианты, и почему мы в итоге выбрали Angular 2, я и расскажу в своём докладе.";/ru/company/jugru/blog/301042/
PFight77;Angular — настройка среды разработки и production сборки с AOT-компиляцией и tree-shaking (Gulp, Rollup, SystemJS);Блог компании ДоксВижн Разработка веб-сайтов *JavaScript *Программирование *;"Одна из особенностей Angular, присущая и первой и новой версии — высокий порог вхождения. Новый Angular, помимо всего прочего, трудно даже запустить. А и запустив, легко получить 1-2 Мб скриптов и порядка нескольких сотен запросов при загрузке hello world страницы. Можно, конечно, использовать всякие стартеры, seed'ы или Angular CLI, но для использования в серъезном проекте нужно самому во всем разбираться. 
В этой статье я постараюсь описать, как настроить удобную среду разработки с использованием SystemJS, и production сборку Angular приложения на основе Rollup, с выходом около 100кб скриптов и нескольких запросов при открытии страницы. Использовать будем TypeScript и SCSS.
Попробовать все в деле можно в моем angular-gulp-starter проекте.";/ru/company/docsvision/blog/321236/
KyKyPy3uK;Почему мы выбрали новый Angular;Блог компании InfoWatch Разработка веб-сайтов *Angular *;"В своей статье я хочу поделиться с вами опытом использования нового Angular как основы для наших enterprise приложений. Речи о том, что новый Angular лучше, чем React, Vue или какая-то другая популярная сейчас библиотека, в статье не пойдет, хотя, конечно, я буду сравнивать его с конкурентами. Все решения имеют свои плюсы и минусы, и то, что хорошо подошло одному проекту, может устроить сущий ад в другом. Итак, прежде чем объяснить, чем нас зацепил новый Аngular, расскажу немного о том, что мы уже используем в разработке. 
Наш основной проект имеет долгий путь развития и построен на уже устаревших технологиях — Marionette + Backbone + Coffescript. Пару лет назад мы поняли, что развивать проект в таком стеке стало довольно тяжело, и начали изучать альтернативы в экосистеме фронтенда и думать, как же нам мигрировать туда нашего «зверя».";/ru/company/infowatch/blog/328044/
Ontaelio;Переход с AngularJS на Angular: проблемы и решения гибридного режима (2/3);Блог компании Skyeng Разработка веб-сайтов *JavaScript *Angular *TypeScript *;Переход в гибридном режиме — естественная процедура, хорошо подготовленная и описанная командой Angular. Тем не менее, на практике возникают сложности и затыки, которые приходится решать на лету. В сегодняшнем продолжении нашей статьи про миграцию на Angular мы расскажем про проблемы, с которыми столкнулась команда Skyeng, и поделимся своими решениями.;/ru/company/skyeng/blog/348512/
Sumbad;Обновляем Angular до 6-ой версии в проекте без использования CLI;Блог компании ISPsystem Разработка веб-сайтов *Программирование *Angular *TypeScript *;"В этой статье я расскажу о тернистом пути обновления Angular с кастомным Webpack конфигом, который нашей команде пришлось пройти неделю назад. Возможно, наш опыт будет полезен тем, кто использует Angular со своим Webpack конфигом, а остальным — интересен как иллюстрация того, куда может завести современный frontend и как с этим жить.



Наша команда работает над интерфейсом BILLmanager 6. Дабы вы имели общее представление о проекте до обновления, сообщу, что количество файлов в нем уже перевалило за 67 тысяч. Архитектурно можно выделить два подпроекта: модуль регистрации и основной пользовательский интерфейс. По технологиям основу составляют компоненты, директивы и модули Angular, написанные на TypeScript. Есть несколько компонентов на Web components. Для стилизации мы используем SASS/SCSS и применяем CSS variables, чтобы темизировать приложение без перекомпиляции.";/ru/company/ispsystem/blog/358696/
avkazakov;Несколько советов по Angular;Angular *;"Прошло уже достаточно времени с выхода обновленного Angular. В настоящее время множество проектов завершено. От ""getting started"" множество разработчиков уже перешло к осмысленному использованию этого фреймворка, его возможностей, научились обходить подводные камни. Каждый разработчик и/или команда либо уже сформировали свои style guides и best practice либо используют чужие. Но в тоже время часто приходится сталкиваться с большим количеством кода на Angular, в котором не используются многие возможности этого фреймворка и/или написанного в стиле AngularJS.
В данной статье представлены некоторые возможности и особенности использования фреймворка Angular, которые, по скромному мнению автора, недостаточно освещены в руководствах или не используются разработчиками.";/ru/post/425959/
thekiba;Лучшее из мира Angular за неделю — Дайджест №1 (18 января?-?25 января);Angular *;"Свежая подборка со ссылками на новости и материалы.
Приятного чтения!";/ru/post/437536/
Ronak_Patel;Angular vs. KnockoutJS: The Fundamental Differences and Similarities You Should Know;JavaScript *Angular *;"It's extremely befuddling when it comes to choosing between two libraries and frameworks, especially when they are almost similar to each other. 

I faced the same situation recently when I had to choose one from Angular vs KnockoutJS. The most perplexing part of the two is Angular is a JavaScript-based open-source front-end web development framework while Knockout is a library. 

So, the selection is a bit complex task and, as I had to, you might need to go through a systematic and understand the two technologies or web development framework thoroughly.



So, you need to begin following the one-by-one method.

What is Framework?
A framework is a model on which you have to build your home. It is having a collection of blueprints which from which it choose the right one for you. In short, the framework is in charge of the flow and it chooses when and how to go.

What is the Library?
The library is like going to a furniture house to get some furniture for your home. Here you are in charge of the flow and you decide when to call the code.

Overview of Angular and KnockoutJS



Angular
KnockoutJS




Stable Release


Version 8.0.0 on / May 29, 2019
3.5.0 / February 22, 2019


Managed by


Google
Steve Anderson


Programming Language


JavaScript
JavaScript


Type


Web Framework
JavaScript Library


Routing


Angular Supports
Not Available


Testing


Protractor works as test framework
Not Available


Documentation


Well organized Documenations
Poor Documentation


GitHub Stars


59,555
9,526";/ru/post/456954/
anton-nikulin;Angular для Vue разработчиков;Блог компании TINKOFF Разработка веб-сайтов *Angular *VueJS *TypeScript *;"Сейчас во фронтенде среди фреймворков есть три явных лидера: Angular, React и Vue. Думаю, мы можем судить о любви разработчиков к проекту по количеству звезд на GitHub. На момент написания данной статьи у Vue уже 161 тысяча звезд, на втором месте находится React с 146 тысячами, а на третьем месте — Angular со своими скромными 59.6 тысячами.
С первого взгляда может показаться, что Angular не настолько популярный, как другие фреймворки, но если обратиться к результатам исследования статистики с портала Tecla, то мы увидим, что Angular занимает довольно большую долю рынка. Например, по данным исследования Angular работает на более чем 400 тысячах сайтов, в то время как Vue — на 100 тысячах. Предлагаю в этом разобраться. Рассмотрим, за что разработчики любят Vue, почему много приложений написаны на Angular и какие выгоды может получить разработчик при использовании фреймворка от Google конкретно для себя.";/ru/company/tinkoff/blog/495826/
Katsuba;Как мы распилили монолит. Часть 4. И как Angular между приложениями пошарили;Блог компании TINKOFF Разработка веб-сайтов *Angular *;В первой, второй и третьей частях мои коллеги рассказали, как и почему мы распиливали монолит. Если коротко, то мы создали решение, которое позволило в рамках одной открытой страницы браузера запускать несколько независимых Angular-приложений, шарить между ними данные, управлять роутингом и аутентификацией. Мы научились бороться с утечками памяти и решать конфликты глобальных стилей приложений. Но одна проблема оставалась открытой — каждое приложение несло в своем банде Angular, RxJS, zone.js и т. д. И в этой статье я расскажу, как мы ее решили.;/ru/company/tinkoff/blog/534522/
Ontaelio;Переход с AngularJS на Angular: цели, планы и правила переноса элементов (1/3);Блог компании Skyeng Разработка веб-сайтов *JavaScript *Angular *TypeScript *;В январе мы в Skyeng закончили перевод нашей платформы Vimbox с AngularJS на Angular 4. За время подготовки и перехода у нас накопилось много записей, посвященных планированию, решению возникающих проблем и новым конвенциям работы, и мы решили поделиться ими в трех статьях на Хабре. Надеемся, что наши заметки окажутся полезными структурно похожим на наш Vimbox проектам, которые только начали переезжать или собираются сделать это.;/ru/company/skyeng/blog/348356/
maxim1006;Angular cli 6: зачем нужен и как использовать;Блог компании Netcracker JavaScript *Angular *TypeScript *;"Всем привет!

Версия Angular 2.0.0 вышла в сентябре 2016 г. И сразу же появилось большое количество подходов к построению и сборке приложений на этом фреймворке. На просторах интернета можно найти Angular seed на любой вкус.

Мы тоже создали свой Angular seed: создали общий project-template, обязали все команды, разрабатывающие фронт-энд, использовать одну структуру приложений.

А уже через полгода, в марте 2017 года, увидела свет версия Angular cli (cli – command-line interface) 1.0.0. Идея, взятая за основу, просто отличная: систематизировать подход к разработке приложений на Angular 2+. Стандартизовать структуру приложения, создание сущностей внутри приложения, а также автоматизировать сборку приложения. Эти задачи и позволяет решить Angular cli, значительно экономя ваше время.

В статье я покажу, как перейти на Angular cli 6";/ru/company/netcracker/blog/413543/
jojo97;Визуализация данных при помощи Angular и D3;JavaScript *Angular *;"D3.js — это JavaScript библотека для манипулирования документами на основе входных данных. Angular — фреймворк, который может похвастаться высокой производительностью привязки данных.

Ниже я рассмотрю один хороший подход по использованию всей этой мощи. От симуляций D3 до SVG-инъекций и использования синтаксиса шаблонизатора.


Демо: положительные числа до 300 соединенные со своими делителями.";/ru/post/414785/
ph_piter;Angular 6 и движок рендеринга Ivy;Блог компании Издательский дом «Питер» JavaScript *Программирование *Angular *;"Добрый день, коллеги. Мы обдумываем, стоит ли обновить книгу Якова Файна и Антона Моисеева ""Angular и TypeScript. Сайтостроение для профессионалов"". Новое издание выходит этой осенью и включает материал об Angular 5 и 6.

Сначала мы думали опубликовать материал о движке Ivy, который, вероятно, будет самым интересным нововведением в Angular 6, но потом остановились на более обзорной публикации от Седрика Эксбраята (оригинал вышел в мае). 

В Angular 6 появилось немало серьезных нововведений, причем, важнейшее из них фичей не назовешь: это Ivy, новый движок рендеринга. Поскольку движок пока экспериментальный, о нем мы поговорим в конце этой статьи, а начнем с других новых фич и революционных изменений.";/ru/company/piter/blog/419389/
ru_vds;Исследование Ivy — нового компилятора Angular;Блог компании RUVDS.com Разработка веб-сайтов *Angular *;"«Я думаю, что компиляторы — это очень интересно», — говорит Ури Шейкед, автор материала, перевод которого мы сегодня публикуем. В прошлом году он написал статью, в которой шла речь о реверс-инжиниринге компилятора Angular и об имитации некоторых этапов процесса компиляции, помогающей понять особенности внутреннего устройства этого механизма. Надо отметить, что обычно то, о чём автор этого материала говорит как о «компиляторе», называют «движком рендеринга».

Когда Ури услышал о том, что вышла новая версия компилятора Angular, названная Ivy, он тут же захотел рассмотреть её поближе и узнать, что в ней изменилось по сравнению со старой версией. Тут, так же, как и раньше, на вход компилятора поступают шаблоны и компоненты, созданные средствами Angular, которые преобразуются в обычный код на HTML и JavaScript, понятный Chrome и другим браузерам.



Если сравнить новую версию компилятора с предыдущей, то окажется, что Ivy использует алгоритм tree-shaking. Это означает, что компилятор автоматически удаляет неиспользуемые фрагменты кода (это относится и к коду Angular), уменьшая размер бандлов проектов. Ещё одно улучшение касается того, что теперь каждый файл компилируется самостоятельно, что уменьшает время повторной компиляции. Если в двух словах, то, благодаря новому компилятору мы получаем сборки меньших размеров, ускоренную повторную компиляцию проектов более простой готовый код.

Понимание того, как работает компилятор, интересно и само по себе (по крайней мере, автор материала на это надеется), но это, кроме того, помогает лучше понять внутренние механизмы Angular. Это ведёт к совершенствованию навыков «Angular-мышления», что, в свою очередь, позволяет более эффективно использовать этот фреймворк для веб-разработки.

Кстати, знаете, почему новый компилятор назвали Ivy? Дело в том, что это слово звучит как сочетание букв «IV», прочитанное вслух, которое представляет число 4, записанное римскими цифрами. «4» — это четвёртое поколение компиляторов Angular.";/ru/company/ruvds/blog/419995/
PatriciaNeil;Angular: The Best Building Companion for Interactive apps;Веб-дизайн *JavaScript *Программирование *Angular *;"Do you know there were 5 million apps in 2019? Out of these millions of apps, only a few are able to perform. There are many reasons for this but a major factor is the interactivity of an app.

No matter which product you are trying to sell, customers choose the one which allows them to get involved. Interactive apps are in demand for a long time. Are you wondering how can you make an interactive app?

The first thing which comes to our mind when we talk about interactive apps is the concept of single page application. This is because SPAs are known for their capacity to interact with the user by reloading some page elements dynamically depending upon the interaction by the user.";/ru/post/477684/
bzvyagintsev;Переносим Angular проект на ESLint, с Prettier, Husky и lint-staged;Разработка веб-сайтов *JavaScript *Angular *TypeScript *;"Привет, Хабр! Меня зовут Богдан, я работаю в ПИК Digital Front-End тимлидом. Большую часть проектов мы разрабатываем на Angular и недавно я решил пересмотреть наши стайл гайды, а также добавить новые инструменты для более удобной работы.

В качестве линтера я решил использовать ESLint, так как в скором времени на него планируют перевести Angular. И в этой статье я хочу поделиться инструкцией по переходу с TSLint на ESLint, а заодно рассказать, как запускать Prettier из ESLint, как добавить правила стайл гайда AirBnB, и как сделать линтинг удобным и незаметным с помощью настройки VS Code и Git хуков.";/ru/post/501830/
Katsuba;Angular Universal: проблемы реального приложения;Блог компании TINKOFF JavaScript *Node.JS *Angular *TypeScript *;Angular Universal — это опенсорсный проект, который расширяет функциональность @angular/platform-server. Он делает возможным Server Side Rendering в Angular. В этой статье мы обсудим проблемы и возможные решения, с которыми мы столкнулись при разработке реального приложения с Angular Universal.;/ru/company/tinkoff/blog/547520/
BigVas;Архитектура плагинов в приложениях Angular;Angular *TypeScript *;Концепция плагинов всегда была популярной и продуктивной в области разработки программного обеспечения. Масштабируемость и возможность коллективной разработки необходимы для приложений уровня предприятия, когда каждая команда разработчиков может представлять своё направление бизнеса и разрабатывать свой собственный плагин для веб-портала. Angular, являясь одним из наиболее подходящих фреймворков для построения больших браузерных информационных систем, предлагает прекрасные возможности разделения приложения на части прямо «из коробки» при помощи технологии ленивой загрузки. Результатом этого должно быть приемлемое время загрузки даже больших приложений при использовании должного подхода к их дизайну. При этом стандартная реализация ленивой загрузки подразумевает жёсткое задание маршрутов в центральной части приложения, что может приводить к трудностям с разработкой несколькими командами и невозможности добавления новых модулей без изменений в коде. В этой статье я собираюсь объяснить и продемонстрировать как можно создать приложение Angular, поддерживающее плагины, описанные исключительно в конфигурационном файле, когда центральная часть приложения и подключаемые модули полностью независимы друг от друга и даже могут быть расположены в разных местах.;/ru/post/551192/
prince86;Getting to learn about Angular Ivy;Angular *;The software development world is a dynamic one. Tools and applications are constantly upgrading and getting better to make advanced technology possible. Technologies that do not upgrade will eventually become obsolete and fade away with time. The principle of constant upgrading is especially true for the really popular tools, like the front-end framework Angular. To provide developers with a more robust and solid front-end development experience, Angular introduced a cutting-edge compilation and rendering pipeline in their version 9. The new engine was christened Ivy.With Ivy, Angular aimed to double down on the advantages it traditionally offered. This article will take you through all the new advancements that come bundled with Ivy. It will also quickly go through what is deprecated and how it handles Angular applications made on the previous View engine. Angular Ivy was made to accommodate all exciting new developments that could be needed in the future. This article talks about the updates that followed the original rollout.What’s New In Angular IvyIvy was introduced as the default engine with Angular’s version 9 and continues to support subsequent versions. One of the main aims of Angular’s Ivy engine was to amplify the performance and minimize the file size of Angular applications. The development team behind Angular employed different techniques to achieve the aim of faster and lighter Angular applications. The prominent strategies behind Ivy are discussed below:The Ivy Compiler;/ru/post/564200/
spmbt;Сравнение Angular, Backbone, CanJS и Ember;JavaScript *ООП *;"(Дата публикации оригинала — 12.04.2013)
Выбор JavaScript MVC фреймворка — тяжёлая работа. Нужно учесть много факторов, и число вариантов выбора может быть огромно. Достаточно взглянуть на проект ToDoMVC (о нем по-русски).

Я работал с 4 фреймворками: Angular, Backbone, CanJS и Ember. Поэтому решил сделать сравнение, чтобы помочь вам решить, какой из них использовать. Я выделю несколько факторов, которые вы можете использовать при выборе. Каждый фактор будет иметь оценку от 1 до 5 (больше — лучше). Я старался быть беспристрастным, но, конечно, оценки основаны на личном опыте.";/ru/post/177115/
NosovK;Дружим Angular с Google;Разработка веб-сайтов *JavaScript *Клиентская оптимизация *Angular *Разработка под e-commerce *;"Дружим Angular с Google
Google ненавидит SPA
Когда мы говорим про современные интернет магазины, мы представляем себе тяжелые для понимания серверы, рендрящие тысячи статических страничек. Причем именно эти тысячи отрендеренных страниц одна из причин почему Single Page Applications не прижились в электронной коммерции. Даже крупнейшие магазины электронной коммерции по-прежнему выглядят как куча статических страниц, для пользователя это нескончаемый цикл кликов, ожидания и перезагрузки страниц.";/ru/post/324474/
NosovK;Дружим Angular с Google (Angular Universal);Разработка веб-сайтов *JavaScript *Клиентская оптимизация *Angular *Разработка под e-commerce *;"Дружим Angular с Google
Google ненавидит SPA
Когда мы говорим про современные интернет магазины, мы представляем себе тяжелые для понимания серверы, рендрящие тысячи статических страничек. Причем именно эти тысячи отрендеренных страниц одна из причин, почему Single Page Applications не прижились в электронной коммерции. Даже крупнейшие магазины электронной коммерции по-прежнему выглядят как куча статических страниц. Для пользователя это нескончаемый цикл кликов, ожиданий и перезагрузки страниц.";/ru/post/324926/
syrotenko_serhii;Angular 4 Material. Часть 1 — Создание и настройка проекта;Angular *;"Предисловие
Столкнулся с необходимостью использования Angular 4 Material. Качал с .io сайтов HelloWorld-овские проекты, следовал гайдам. Но уроков по Angular 4 Material мало и складывается ощущение, что они написаны для уже знающих людей. Поэтому, решил написать несколько статей, в которых расскажу, как сделать из обычного проекта Angular проект Angular Material, а также о неожиданных проблемах использования некоторых компонентов и о их решениях. Пару раз пришлось даже написать собственные компоненты на основе существующих, что тоже будет освещено. Но обо все по порядку.";/ru/post/335318/
Hooter;Основы Angular: HttpClient;Разработка веб-сайтов *JavaScript *Angular *;"Самый распространенный способ получить данные из web служб — это через Http. И в этой статье мы посмотрим как это можно сделать Http-запрос в Angular 4.3 через новый HttpClient.
Начиная с версии Angular 4.3 появился новый HttpClient. В этой статье описывается только новый клиент.";/ru/post/336280/
maxim1006;Настройка среды разработки Webpack 3 + Angular 4: от сложного к простому;Блог компании Netcracker JavaScript *Angular *TypeScript *;"Всем привет!

Современное front-end-приложение на Angular должно включать в себя следующие характеристики:


Возможность использования типизированного JS — Typescript
Обеспечение удобства и производительности разработки с помощью HMR (hot module replacement);
Модульность приложений и возможность отложенной загрузки модулей (Lazy Loading);
AoT — режим (ahead-of-time), повышающий производительность приложения.

Существует много вариантов сборки, решающих эти задачи (angular cli, A2 seed и т. д.). Обычно они имеют сложную структуру, плохо настраиваются/расширяются и представляют собой монолит, который невозможно изменить.

В статье я расскажу, как совместить Angular 2+ с webpack и разобраться со всеми этапами сборки/разработки.

Вы удивитесь, как это просто.";/ru/company/netcracker/blog/337540/
xeofus;Angular c Clarity Design System от VmWare;Разработка веб-сайтов *JavaScript *Node.JS *Angular *;"Поработав с Angular Material 2, в какой то момент пришел к выводу, что продукт сыроват для полета фантазии и некоторые вещи (badge, vertical tabs, data-grid) либо реализованы с минимальным функционалом, либо In progress, planned.

Вечером, придя домой, начал искать что нибудь, что мог бы предложить тимлиду как альтернативу для следующего проекта. Тут то я и заметил, что angular.io разжился табом Resources. Это было пару месяцев назад.
Там среди прочих довольно таки полезных вещей, команда разработчиков Angular, добавила продукт от не менее известной компании, чьи разработки я уважаю и с щенячьим восторгом всегда рад лишний раз поковырять — VmWare. Ребята сделали весьма и весьма достойный продукт — Clarity.";/ru/post/339294/
ru_vds;11 библиотек (наборов компонентов) для Angular, о которых стоит знать в 2018-м;Блог компании RUVDS.com Разработка веб-сайтов *Angular *;"? 11 библиотек (наборов компонентов) для Angular, о которых стоит знать в 2018-м
? 11 библиотек (наборов компонентов) для Vue, о которых стоит знать в 2018-м
? 11 библиотек (наборов компонентов) для React, о которых стоит знать в 2018-м

Перед вами третий материал из серии, посвящённой обзору библиотек для популярных веб-фреймворков. В прошлые разы мы говорили о React и Vue. Сегодня наша тема — Angular. В этом материале, помимо традиционных 11-ти библиотек, мы упомянем ещё несколько наборов инструментов, достойных внимания.";/ru/company/ruvds/blog/346218/
ph_piter;Книга «Angular и TypeScript. Сайтостроение для профессионалов»;Блог компании Издательский дом «Питер» JavaScript *Angular *Профессиональная литература TypeScript *;"Всем привет! Недавно у нас вышла новая книга, описывающая работу с непростыми и мощными инструментами веб-разработчика: Angular и TypeScript. Авторы: Яков Файн и Антон Моисеев объясняют особенности фреймворка, приводя простые примеры кода, и нескольких глав излагают, как создать одностраничное приложение для онлайн-аукционов. Ниже мы рассмотрим раздел из книги, посвященный внедрению зависимостей.

Любое Angular-приложение представляет собой коллекцию объектов, директив и классов, которые могут зависеть друг от друга. Несмотря на то, что каждый компонент может явно создавать экземпляры своих зависимостей, Angular способен выполнять эту задачу с помощью механизма внедрения зависимостей.";/ru/company/piter/blog/347364/
phillennium;Ускорение Angular-приложений;Блог компании JUG Ru Group JavaScript *;Многие знают Минко Гечева (rhyme.com) по книге «Switching to Angular» и по тексту «Angular Performance-Checklist», помогающему Angular-разработчикам оптимизировать свои проекты. На нашей декабрьской конференции HolyJS 2017 Moscow он тоже развивал тему Angular-производительности, выступив с докладом «Faster Angular applications». А теперь на основе этого выступления мы подготовили хабрапост, переведя все на русский. Добро пожаловать под кат! А если предпочитаете англоязычную видеозапись выступления, прилагаем и ее тоже:;/ru/company/jugru/blog/354552/
thekiba;Лучшее из мира Angular за неделю — Дайджест №2 (26 января — 7 марта);Angular *;"Свежая подборка со ссылками на новости и материалы.
Приятного чтения!";/ru/post/442870/
ru_vds;Оказывает ли React плохое влияние на Angular?;Блог компании RUVDS.com Разработка веб-сайтов *JavaScript *Angular *ReactJS *;Автор материала, перевод которого мы сегодня публикуем, предлагает поразмышлять о будущем веб-разработки. По мере того, как тренды популярности технологий начинают смещаться в сторону библиотеки React, легко ощутить важность вопроса о том, насколько актуальным, через некоторое время, окажется фреймворк Angular. Ясно, что в итоге первое место достанется лишь одной технологии, и это заставляет веб-разработчиков, в особенности тех, которые только начинают свой путь, задаваться вопросом о том, что выбрать.;/ru/company/ruvds/blog/450666/
ru_vds;Angular без zone.js: максимум производительности;Блог компании RUVDS.com Разработка веб-сайтов *JavaScript *Angular *TypeScript *;"Angular-разработчики в большом долгу перед библиотекой zone.js. Она, например, помогает достичь в работе с Angular почти волшебной лёгкости. На самом деле, практически всегда, когда нужно просто поменять какое-нибудь свойство, и мы меняем его, ни о чём не задумываясь, Angular производит повторный рендеринг соответствующих компонентов. В результате то, что видит пользователь, всегда содержит самую свежую информацию. Это просто замечательно.

Здесь мне хотелось бы исследовать некоторые аспекты того, как применение нового компилятора Ivy (он появился в Angular 9) способно значительно облегчить отказ от использования zone.js.



Благодаря отказу от этой библиотеки я смог значительно увеличить производительность Angular-приложения, работающего под высокой нагрузкой. При этом нужные мне механизмы удалось реализовать средствами декораторов TypeScript, что привело к совсем небольшим дополнительным затратам системных ресурсов.

Обратите внимание на то, что подход к оптимизации Angular-приложений, представленный в этом материале, возможен лишь благодаря тому, что Angular Ivy и AOT включены по умолчанию. Эта статья написана в учебных целях, она не направлена на пропаганду представленного в ней подхода к разработке Angular-проектов.";/ru/company/ruvds/blog/476956/
ru_vds;6 концепций, которые нужно освоить архитектору Angular-приложений;Блог компании RUVDS.com Разработка веб-сайтов *JavaScript *Angular *Учебный процесс в IT;"Angular — один из самых масштабных из существующих веб-фреймворков. Он включает в себя множество встроенных возможностей. А это значит, что для полноценного освоения Angular нужно разобраться с изрядным количеством концепций.



Автор материала, перевод которого мы сегодня публикуем, полагает, что существует шесть концепций, глубокое знание которых нужно Angular-разработчикам для того чтобы создавать хорошо спроектированные приложения. При этом он говорит не об изучении исходного кода реализации этих концепций, хотя и ему самому иногда приходится заглядывать в код. Речь идёт о понимании соответствующих механизмов и об умении применять их на практике.";/ru/company/ruvds/blog/503308/
ru_vds;Встречаем Angular 10;Блог компании RUVDS.com Разработка веб-сайтов *JavaScript *Angular *;"Вышел Angular 10.0.0! Это — мажорный релиз, который затрагивает всю платформу, включая сам фреймворк, библиотеку компонентов Angular Material и инструменты командной строки. Размер этого релиза меньше, чем обычно. Дело в том, что с момента выхода Angular 9 прошло всего 4 месяца.

Мы стремимся к тому, чтобы выпускать каждый год по два мажорных релиза. Делается это по разным причинам. Во-первых — чтобы Angular шёл бы в ногу со временем и соответствовал бы современному состоянию экосистемы JavaScript. Во-вторых — чтобы у Angular был бы предсказуемый график выхода новых релизов. Angular 11 мы планируем выпустить этой осенью.



Поговорим о том, что нового появилось в Angular 10.";/ru/company/ruvds/blog/508656/
lucius;Только 39% функций в node_modules уникальны в дефолтном Angular проекте;JavaScript *Angular *ReactJS *;"39% — это количество уникальных функций в папке node_modules в дефолтном Angular проекте, созданном командой ng new my-app.
Мне было интересно посмотреть, сколько похожих функций существует в node_modules. Ведь наверняка же разработчики открытых библиотек решают проблемы одинаковыми способами, так же изучают одни и те же алгоритмы, ну и, чего кривить душой, копируют одни и те же решения со StackOverflow.";/ru/post/554314/
lucius;Only 39% of the functions in node_modules are unique in the default Angular project;JavaScript *Angular *ReactJS *;"Only 39% of the functions in node_modules are unique in the default Angular project created by ng new my-app.
I think the developers of open source solve problems in the same ways, because they study the same algorithms. Well, why be honest, they copy the popular solutions from StackOverflow also.";/ru/post/554334/
svekl;Angular 2.0.0-alpha для тех, кто не в силах ждать;Разработка веб-сайтов *JavaScript *Программирование *HTML *Angular *;"Совсем недавно (5-6 марта) прошла конференция ng-conf, и много докладов на ней было посвящено грядущему релизу Angular 2, на нескольких из них даже показали альфа версию. Конечно же после прослушивания очень захотелось опробовать его лично. Если вам тоже не терпится — прошу под кат. 

В этой статье мы разберёмся, где взять билд альфа версии Angular 2.0, создадим на нём небольшое приложение — To-do list, и запустим его в браузере без полной поддержки ECMAScript 6.";/ru/post/253469/
vitrilo;Опыт Angular + Typescript + Offline SPA проекта через год;JavaScript *TypeScript *;Хочу поделиться своим небольшом положительном опытом об проекте основанном на Angular + Typescript по прошествии года. Это далеко не новая связка, и я уверен, что уже многие её успешно используют. Конечно, уже многие ждут больше статей об React или Angular 2.0, но мне кажется, и этот опыт будет кому-то полезен.;/ru/post/274591/
mmxzmax;Angular schematics, или как я писал свой шаблон для angular cli;Программирование *Angular *;"Здравствуйте, меня зовут Максим. Уже несколько лет я занимаюсь front-end разработкой. Мне часто приходится иметь дело с версткой различных html шаблонов. В своей повседневной работе я обычно пользуюсь сборщиком webpack c настроенным шаблонизатором pug, а также использую методологию BEM. Для того чтобы облегчить себе жизнь использую замечательный пакет.
Недавно нужно было сделать небольшой проект на Angular, а так как я привык работать со своими любимыми инструментами, возвращаться на голый html не хотелось. В связи с чем появилась задача как подружить bempug с ангуляром, и не просто подружить, но еще и генерировать компоненты из cli с необходимой мне структурой.
Кому интересно как я все это провернул добро пожаловать под кат.";/ru/post/469509/
anton-nikulin;5 вещей, которые я бы хотел знать, когда начинал использовать Angular;Блог компании TINKOFF Разработка веб-сайтов *Angular *TypeScript *;"Современный Angular — это мощный фреймворк с множеством возможностей, вместе с которыми приходят и сложные, на первый взгляд, концепции и механизмы. Особенно это заметно тем, кто только начал работу как во фронтэнде в принципе, так и с Angular в частности.
С этой же проблемой столкнулся и я, когда примерно два года назад пришел в Тинькофф на позицию Junior Frontend Developer и погрузился в мир Angular. Поэтому предлагаю вам короткий рассказ о пяти вещах, понимание которых очень облегчило бы мою работу на первых порах.";/ru/company/tinkoff/blog/480782/
Vahman;Angular 9 теперь доступен — Ivy прибыл;Разработка веб-сайтов *Angular *TypeScript *;"Вышла 9 версия Angular, это основной релиз, охватывающий всю платформу, включая сам фреймворк, angular material и CLI. В этом релизе приложения по умолчанию переключаются на компилятор и рантайм Ivy и, а также представляются улучшенные способы тестирования компонентов.

Это одно из самых больших обновлений Angular за последние 3 года, и команда разработчиков рада возможностям, позволяющим разработчикам создавать лучшие приложения и вносить свой вклад в экосистему Angular.";/ru/post/487362/
skillfactory_school;Добро пожаловать в Angular 11;Блог компании SkillFactory Разработка веб-сайтов *JavaScript *Программирование *Angular *;Специально к старту нового потока курса «Fullstack веб-разработчик на JavaScript» представляем вам обзор новой версии популярного фреймворка JavaScript — Angular. 11.0.0 версия уже доступна, и в ней есть отличные обновления, которые затрагивают всю платформу, включая сам фреймворк, библиотеку компонентов и инструменты командной строки. Давайте посмотрим, что в этом релизе.;/ru/company/skillfactory/blog/527516/
ikate007;Семилетними шагами: миграция с JSP + Angular JS на Angular 2+;Блог компании Миландр Разработка веб-сайтов *JavaScript *Angular *TypeScript *;Что нужно для перехода от серверного рендеринга к пользовательскому? Чем хорош Angular 2+ и как на него перейти?  В этой статье попытаемся разобраться в данных вопросах и описать процесс миграции от серверных технологий рендеринга, таких, как JSP, к клиентским технологиям рендеринга представлений с использованием Angular.;/ru/company/milandr/blog/549048/
